age,cus_month_income,cus_gender,cus_marital_status,cus_customer_since,years_with_us,total_debit_trans_s1,total_debit_trans_s2,total_debit_trans_s3,total_debit_amt_s1,total_debit_amt_s2,total_debit_amt_s3,total_credit_trans_s1,total_credit_trans_s2,total_credit_trans_s3,total_credit_amt_s1,total_credit_amt_s2,total_credit_amt_s3,total_debit_amt,total_debit_trans,total_credit_amt,total_credit_trans,total_transactions,cus_target,tar_desc,status,kfold
16,2000000.0,0,4,61,14,0,0,0,0.0,0.0,0.0,3,1,2,57105.0,4000.0,8817.5,0.0,0,69922.5,6,6,2222,2,0,3
37,1000.0,1,1,122,14,134,235,44,362139.72,1326377.26,604749.64,7,6,7,71000.0,152536.38,1029702.8,2293266.62,413,1253239.18,20,433,2223,1,0,5
42,5000000.0,1,1,83,14,419,265,368,2222750.93,985964.72,1987321.38,18,27,21,2225156.47,1438137.14,1945455.94,5196037.03,1052,5608749.55,66,1118,2212,0,0,7
56,10000000.0,0,1,124,14,106,145,336,745871.38,1163515.87,1529518.42,20,32,51,739200.0,1023890.0,1850650.0,3438905.67,587,3613740.0,103,690,2222,2,0,6
46,15000000.0,1,4,207,2,56,5,3,641440.73,72582.49,2998.42,5,3,2,550000.0,624000.0,980000.0,717021.64,64,2154000.0,10,74,2211,3,1,2
63,3500.0,1,1,88,14,33,30,34,56125.0,58748.0,50842.0,7,7,7,55645.65,50515.2,58427.93,165715.0,97,164588.78,21,118,2223,1,0,7
55,2009500.0,1,4,180,13,18,25,31,23510.78,38400.0,54600.0,4,6,7,22673.83,38534.83,54772.34,116510.78,74,115981.0,17,91,2223,1,0,6
57,2500000.0,1,4,167,13,6,15,0,10073.5,46350.0,0.0,0,2,0,0.0,6010.0,0.0,56423.5,21,6010.0,2,23,2223,1,1,8
62,3000.0,1,1,84,14,12,12,12,26305.6,30612.0,26361.7,7,7,7,34601.64,31876.72,37237.3,83279.3,36,103715.66,21,57,2223,1,1,5
54,3000000.0,0,4,140,14,0,0,0,0.0,0.0,0.0,7,6,7,20034.0,18459.0,21035.0,0.0,0,59528.0,20,20,2223,1,1,9
55,4000.0,1,4,60,14,13,13,1,25626.6,8102.13,749.7,0,0,0,0.0,0.0,0.0,34478.43,27,0.0,0,27,2223,1,1,9
73,1000000.0,0,4,61,14,27,31,24,52600.0,43893.6,51700.0,7,6,7,51643.14,47510.94,54268.0,148193.6,82,153422.08,20,102,2223,1,0,1
48,3454735.0,0,4,143,14,72,65,59,240300.0,209650.0,201650.0,23,19,14,269980.07,250291.52,241171.28,651600.0,196,761442.87,56,252,2222,2,0,1
38,5000.0,1,4,54,14,24,4,0,94394.02,18900.0,0.0,2,1,0,12000.0,19000.0,0.0,113294.02,28,31000.0,3,31,2222,2,1,6
20,2000000.0,1,4,81,14,0,1,0,0.0,800.0,0.0,0,0,0,0.0,0.0,0.0,800.0,1,0.0,0,1,2223,1,1,1
31,1000.0,1,1,84,14,6,59,113,9800.0,300456.44,284507.61,4,22,33,14400.0,173750.0,272855.0,594764.05,178,461005.0,59,237,2222,2,0,0
29,500000.0,0,4,149,14,30,54,46,186921.0,402334.0,148400.0,7,6,7,199094.22,195714.1,189320.27,737655.0,130,584128.59,20,150,2222,2,0,1
41,10000.0,0,4,60,14,101,82,87,210876.49,156171.73,186901.07,8,8,6,464934.0,358065.78,309153.0,553949.29,270,1132152.78,22,292,2222,2,0,3
43,5000000.0,0,4,118,14,7,6,10,8777.41,5435.0,8149.7,0,0,0,0.0,0.0,0.0,22362.11,23,0.0,0,23,2223,1,0,5
31,500000.0,0,4,55,14,12,13,0,29760.0,24870.0,0.0,1,3,0,2000.0,22700.0,0.0,54630.0,25,24700.0,4,29,2223,1,1,1
39,500000.0,1,4,53,14,23,0,0,60862.53,0.0,0.0,7,0,1,58180.0,0.0,50.0,60862.53,23,58230.0,8,31,2223,1,1,6
47,11560694.0,1,4,89,14,178,248,215,261814.76,383074.74,348461.52,20,17,23,172000.0,161290.0,259450.0,993351.02,641,592740.0,60,701,2223,1,0,7
42,3500000.0,1,4,48,14,4,2,0,1710.78,1000.0,0.0,1,2,0,1000.0,122000.0,0.0,2710.78,6,123000.0,3,9,2223,1,1,8
45,2500000.0,0,4,80,14,4,0,0,1919.76,0.0,0.0,0,0,0,0.0,0.0,0.0,1919.76,4,0.0,0,4,2223,1,1,6
59,9000000.0,0,1,159,13,2,0,1,2693.6,0.0,749.7,0,0,0,0.0,0.0,0.0,3443.3,3,0.0,0,3,2223,1,1,4
44,1000000.0,1,4,57,14,16,15,15,50800.0,52100.0,41000.0,6,7,2,54987.66,65316.27,20848.9,143900.0,46,141152.83,15,61,2223,1,1,2
53,1800000.0,1,4,103,14,23,14,15,14117.0,7275.0,4850.0,7,4,2,16000.0,4750.0,3700.0,26242.0,52,24450.0,13,65,2223,1,0,6
39,1500.0,1,4,50,14,16,0,0,20365.0,0.0,0.0,1,0,0,20000.0,0.0,0.0,20365.0,16,20000.0,1,17,2222,2,1,7
53,5000000.0,1,1,195,8,560,412,173,2080299.21,1338994.88,623014.82,20,36,26,1680672.52,2001204.4,511931.2,4042308.91,1145,4193808.12,82,1227,2212,0,0,6
45,5000000.0,1,1,149,14,181,242,164,286122.66,1432392.74,185056.19,19,45,28,1022898.24,2238543.05,1027102.06,1903571.59,587,4288543.35,92,679,2222,2,0,0
44,1800.0,0,4,113,14,0,10,11,0.0,56704.38,34944.22,0,1,0,0.0,157000.0,0.0,91648.6,21,157000.0,1,22,2223,1,0,2
42,5000.0,1,1,58,14,19,30,30,400918.22,676119.55,1050691.73,7,6,8,869476.68,842885.4,1208758.69,2127729.5,79,2921120.77,21,100,2222,2,0,4
51,1557470.0,0,4,48,14,5,0,0,3904.38,0.0,0.0,0,0,0,0.0,0.0,0.0,3904.38,5,0.0,0,5,2223,1,1,4
41,500000.0,1,1,164,13,0,1,0,0.0,105.06,0.0,0,5,0,0.0,60000.0,0.0,105.06,1,60000.0,5,6,2223,1,1,5
31,500000.0,1,4,53,14,3,2,0,5250.0,150.0,0.0,1,0,0,5000.0,0.0,0.0,5400.0,5,5000.0,1,6,2222,2,1,4
61,2500000.0,1,1,83,14,28,30,30,77975.0,86475.0,88800.0,8,9,7,78100.63,86598.58,88952.81,253250.0,88,253652.02,24,112,2223,1,0,3
45,8870.0,1,1,81,14,135,52,45,467186.99,143580.9,80150.98,10,5,15,804323.67,85864.72,50200.0,690918.87,232,940388.39,30,262,2222,2,0,9
57,43000000.0,1,4,124,14,25,55,73,64480.02,148169.98,104929.89,7,6,7,102081.0,94059.0,107184.0,317579.89,153,303324.0,20,173,2222,2,0,5
51,5000000.0,1,4,89,14,68,138,50,78295.12,376138.47,53509.67,11,8,5,96497.16,441314.49,51531.33,507943.26,256,589342.98,24,280,2223,1,1,6
59,1350000.0,1,4,150,14,15,12,16,48593.6,46400.0,54649.7,7,6,8,48630.7,46413.27,54715.42,149643.3,43,149759.39,21,64,2223,1,0,0
62,260.0,1,4,50,14,11,2,0,12811.82,10000.0,0.0,1,1,0,30000.0,10000.0,0.0,22811.82,13,40000.0,2,15,2223,1,1,5
36,0.0,0,4,75,14,27,10,0,59143.35,14549.59,0.0,4,1,0,24050.0,5000.0,0.0,73692.94,37,29050.0,5,42,2223,1,1,6
49,3500.0,1,1,65,14,8,17,15,106138.6,111357.0,208762.7,12,12,14,218282.26,296947.59,275023.37,426258.3,40,790253.22,38,78,2223,1,0,6
40,200.0,1,4,170,13,4,8,7,205020.0,218500.0,135867.21,0,0,2,0.0,0.0,90500.0,559387.21,19,90500.0,2,21,2223,1,1,4
24,0.0,1,4,81,14,13,40,18,28919.29,128744.41,845373.88,4,6,9,2000.0,3000.0,1114000.0,1003037.58,71,1119000.0,19,90,2223,1,1,9
56,6288000.0,0,1,53,14,145,97,130,258041.44,218140.68,274487.98,26,25,25,246074.17,228659.67,233343.28,750670.1,372,708077.12,76,448,2223,1,0,8
69,2500.0,1,4,82,14,8,5,0,30100.0,18700.0,0.0,7,6,7,30160.0,27693.0,31735.0,48800.0,13,89588.0,20,33,2223,1,1,3
37,3031049.0,1,4,59,14,7,12,13,4200.0,9818.28,10636.47,7,12,13,4200.0,9818.28,10636.47,24654.75,32,24654.75,32,64,2223,1,1,5
42,54000.0,0,4,152,14,9,13,13,14300.0,31100.0,37700.0,2,5,5,3000.0,12000.0,18500.0,83100.0,35,33500.0,12,47,2223,1,0,3
30,500000.0,0,4,133,14,70,14,0,98792.02,22652.0,0.0,7,1,0,99211.75,21611.75,0.0,121444.02,84,120823.5,8,92,2222,2,1,6
32,500000.0,1,4,49,14,9,5,29,26293.58,88378.4,1426250.0,4,4,7,20308.88,24378.1,1445950.0,1540921.98,43,1490636.98,15,58,2223,1,0,0
46,7500000.0,1,1,107,14,0,0,0,0.0,0.0,0.0,0,1,0,0.0,20.0,0.0,0.0,0,20.0,1,1,2222,2,1,9
51,1000000.0,1,4,50,14,32,10,22,77165.02,19400.0,53455.7,3,0,3,42633.4,0.0,12700.0,150020.72,64,55333.4,6,70,2222,2,0,1
48,20000000.0,0,4,106,14,65,16,6,401964.39,498609.5,335000.0,5,1,2,123000.0,30000.0,34100.0,1235573.89,87,187100.0,8,95,2222,2,1,6
75,3995000.0,1,4,120,14,88,79,37,95694.28,98999.71,65595.63,0,5,0,0.0,38800.0,0.0,260289.62,204,38800.0,5,209,2223,1,0,0
43,2300000.0,1,4,136,14,16,18,19,37365.6,37580.0,42079.7,7,6,8,37512.24,37534.56,42069.96,117025.3,53,117116.76,21,74,2223,1,0,8
35,1500000.0,0,4,167,13,0,1,0,0.0,200.0,0.0,0,0,0,0.0,0.0,0.0,200.0,1,0.0,0,1,2223,1,1,8
37,1500000.0,1,4,142,14,5,8,1,1600.0,2700.0,300.0,4,3,0,2600.0,2120.0,0.0,4600.0,14,4720.0,7,21,2223,1,1,7
75,12000.0,0,1,13,23,0,1,9,0.0,31850.0,254789.23,0,0,0,0.0,0.0,0.0,286639.23,10,0.0,0,10,2223,1,1,1
33,0.0,1,4,107,14,66,55,49,100504.0,167801.47,67946.0,14,16,10,101945.93,102082.7,88232.48,336251.47,170,292261.11,40,210,2223,1,0,2
27,200000.0,0,4,80,14,0,1,0,0.0,8000.0,0.0,0,0,0,0.0,0.0,0.0,8000.0,1,0.0,0,1,2223,1,1,4
75,10000000.0,1,4,60,14,0,0,1,0.0,0.0,19.5,0,0,0,0.0,0.0,0.0,19.5,1,0.0,0,1,2222,2,1,0
40,650.0,1,4,166,13,40,81,91,181632.5,1128126.47,3208337.25,4,16,30,918959.0,1635827.88,8138866.77,4518096.22,212,10693653.65,50,262,2212,0,0,4
73,50000000.0,1,1,86,14,0,0,0,0.0,0.0,0.0,0,1,0,0.0,1278.0,0.0,0.0,0,1278.0,1,1,2223,1,1,2
37,1000.0,0,4,79,14,11,22,13,2193.6,9075.0,2399.7,0,0,1,0.0,0.0,1000.0,13668.3,46,1000.0,1,47,2223,1,0,5
34,0.0,1,4,83,14,4,25,4,2485.0,59085.0,3950.0,0,0,1,0.0,0.0,19000.0,65520.0,33,19000.0,1,34,2223,1,0,5
46,5000.0,1,4,137,14,245,241,340,360542.57,326956.98,1161096.17,103,104,85,360650.0,340500.0,1200450.0,1848595.72,826,1901600.0,292,1118,2222,2,0,6
57,500000.0,0,4,152,14,12,21,15,19273.6,35948.76,37133.32,0,0,1,0.0,0.0,13000.0,92355.68,48,13000.0,1,49,2223,1,1,3
51,3000.0,1,1,47,14,180,156,111,922115.5,626002.6,496196.02,16,37,18,1458979.24,1555844.32,1287575.75,2044314.12,447,4302399.31,71,518,2222,2,0,6
41,2346.9,1,4,149,14,11,1,0,105619.43,817.02,0.0,2,0,0,49244.43,0.0,0.0,106436.45,12,49244.43,2,14,2222,2,1,9
32,100000.0,1,4,80,14,0,1,0,0.0,6000.0,0.0,0,0,0,0.0,0.0,0.0,6000.0,1,0.0,0,1,2223,1,1,8
48,1826.0,1,4,110,14,218,256,390,862036.07,1135612.38,1823269.49,22,25,27,1633830.15,2215745.6,1997602.04,3820917.94,864,5847177.79,74,938,2222,2,0,0
31,3500000.0,0,4,97,14,0,0,1,0.0,0.0,196.0,0,0,0,0.0,0.0,0.0,196.0,1,0.0,0,1,2223,1,1,8
36,500000.0,0,4,136,14,219,290,229,738140.42,859029.59,803051.78,15,23,34,732680.17,829637.67,884335.43,2400221.79,738,2446653.27,72,810,2235,2,0,7
27,2000000.0,1,4,105,14,44,33,32,148762.9,201729.58,150753.85,4,0,3,122513.08,0.0,151485.97,501246.33,109,273999.05,7,116,2222,2,1,7
38,500000.0,1,4,147,14,0,0,0,0.0,0.0,0.0,0,0,2,0.0,0.0,39713.27,0.0,0,39713.27,2,2,2223,1,0,5
51,4500000.0,1,4,103,14,57,61,53,177000.0,183615.3,164565.55,8,9,7,177416.68,187297.14,210128.33,525180.85,171,574842.15,24,195,2223,1,0,2
51,1792864.0,1,4,58,14,91,96,76,224608.3,204059.08,139891.35,16,9,9,119300.0,46200.0,46500.0,568558.73,263,212000.0,34,297,2222,2,0,4
69,2500.0,0,1,82,14,47,51,61,162519.2,154111.76,185679.96,9,7,11,163964.1,150870.13,187241.51,502310.92,159,502075.74,27,186,2223,1,0,1
45,3500.0,0,4,64,14,50,79,61,275823.77,269159.95,177564.26,14,12,14,299732.18,283021.82,1187124.25,722547.98,190,1769878.25,40,230,2222,2,0,2
47,4600000.0,1,4,111,14,72,41,0,362876.3,193829.1,0.0,6,1,3,465901.93,200013.58,3669.34,556705.4,113,669584.85,10,123,2222,2,1,3
42,1000000.0,0,4,121,14,106,43,102,462300.06,156909.02,303649.69,9,6,12,282000.0,150000.0,456065.71,922858.77,251,888065.71,27,278,2223,1,0,1
70,10000.0,1,0,0,28,3,0,4,2734.38,0.0,11671.7,0,0,0,0.0,0.0,0.0,14406.08,7,0.0,0,7,2211,3,1,0
41,7500000.0,0,1,53,14,71,52,47,131626.04,39332.25,46905.48,8,11,3,16810.0,31200.0,11100.0,217863.77,170,59110.0,22,192,2222,2,0,8
49,2400.0,0,1,52,14,0,0,17,0.0,0.0,41998.0,0,0,2,0.0,0.0,41847.04,41998.0,17,41847.04,2,19,2223,1,0,8
34,100000.0,1,4,52,14,18,0,0,12757.6,0.0,0.0,2,0,0,7000.0,0.0,0.0,12757.6,18,7000.0,2,20,2223,1,1,8
56,3595680.0,1,4,60,14,8,0,0,9719.71,0.0,0.0,0,0,0,0.0,0.0,0.0,9719.71,8,0.0,0,8,2222,2,1,7
62,2100000.0,1,4,122,14,8,12,14,26491.93,35987.88,39204.6,8,12,13,26491.93,35987.88,38986.87,101684.41,34,101466.68,33,67,2223,1,1,2
34,1500000.0,1,4,107,14,71,70,45,138948.72,143931.62,214973.08,3,3,5,60000.0,85000.0,53750.0,497853.42,186,198750.0,11,197,2222,2,0,8
36,500000.0,0,1,52,14,120,129,123,188789.08,195351.53,174003.94,6,7,6,176712.0,206261.2,185810.4,558144.55,372,568783.6,19,391,2222,2,0,8
34,1000000.0,1,4,99,14,10,0,0,54893.6,0.0,0.0,1,0,0,55000.0,0.0,0.0,54893.6,10,55000.0,1,11,2223,1,1,2
56,9759957.0,1,0,33,21,234,171,207,961162.77,1663697.01,1180582.81,8,15,16,1728174.19,1345091.82,1825504.9,3805442.59,612,4898770.91,39,651,2231,0,0,7
39,2413473.0,1,1,60,14,41,56,43,59255.0,78003.11,41160.48,1,0,0,2000.0,0.0,0.0,178418.59,140,2000.0,1,141,2223,1,0,3
22,2000000.0,1,4,81,14,0,1,0,0.0,800.0,0.0,0,0,0,0.0,0.0,0.0,800.0,1,0.0,0,1,2223,1,1,1
37,180000.0,1,1,71,14,81,118,139,649154.23,498219.31,1101141.78,19,16,15,600420.82,369021.82,1207119.93,2248515.32,338,2176562.57,50,388,2222,2,0,1
50,3000000.0,1,4,85,14,0,1,0,0.0,414.12,0.0,0,0,0,0.0,0.0,0.0,414.12,1,0.0,0,1,2222,2,1,0
42,3500000.0,1,4,156,13,0,1,0,0.0,540.39,0.0,0,0,2,0.0,0.0,16700.0,540.39,1,16700.0,2,3,2223,1,0,3
47,5000.0,0,4,144,14,9,5,16,2498509.64,1351580.0,2783184.5,0,0,1,0.0,0.0,2000.0,6633274.14,30,2000.0,1,31,2223,1,0,6
69,500000.0,0,1,117,14,0,0,0,0.0,0.0,0.0,5,8,6,93750.0,150000.0,112500.0,0.0,0,356250.0,19,19,2223,1,1,4
37,1000000.0,0,1,114,14,60,47,91,223743.57,831763.45,270266.63,29,25,43,220500.0,994250.0,271030.0,1325773.65,198,1485780.0,97,295,2222,2,0,2
48,3000.0,1,1,185,12,326,294,337,3260960.49,5265130.88,4485559.75,48,44,46,5652131.32,11961131.17,5659325.96,13011651.12,957,23272588.45,138,1095,2212,0,0,3
39,1800000.0,1,4,79,14,41,8,1,140841.01,18058.47,1500.0,4,2,0,125212.48,10000.0,0.0,160399.48,50,135212.48,6,56,2223,1,1,8
89,3500000.0,1,1,47,14,0,2,0,0.0,3693.6,0.0,0,0,0,0.0,0.0,0.0,3693.6,2,0.0,0,2,2223,1,1,8
43,1000000.0,1,4,52,14,129,95,20,267758.88,107693.12,34150.0,13,18,2,197650.0,133570.0,13000.0,409602.0,244,344220.0,33,277,2222,2,0,1
55,2000000.0,1,4,119,14,8,12,1,2143.6,18275.0,749.7,0,2,0,0.0,5400.0,0.0,21168.3,21,5400.0,2,23,2223,1,0,3
37,2000000.0,0,4,51,14,6,8,9,23053.21,14378.21,16408.38,0,2,3,0.0,11500.0,27000.0,53839.8,23,38500.0,5,28,2222,2,1,8
58,7000000.0,0,1,84,14,100,136,300,301882.75,416613.19,612513.67,0,1,1,0.0,1100.0,16000.0,1331009.61,536,17100.0,2,538,2222,2,0,4
57,3500.0,1,4,84,14,20,14,20,39493.6,37500.0,44961.7,13,11,14,39663.78,37469.28,45553.95,121955.3,54,122687.01,38,92,2223,1,1,4
67,4500000.0,1,5,121,14,49,26,48,68636.55,78732.0,128126.0,0,3,20,0.0,19000.0,129600.0,275494.55,123,148600.0,23,146,2223,1,0,9
62,4000000.0,1,1,63,14,37,31,44,50226.0,43026.0,94526.0,4,1,1,8890.0,750.0,1450.0,187778.0,112,11090.0,6,118,2223,1,0,0
65,180000.0,0,1,108,14,57,56,9,105951.95,117366.73,15594.0,12,12,5,91900.0,115000.0,15000.0,238912.68,122,221900.0,29,151,2222,2,1,7
40,3000000.0,0,4,49,14,20,3,0,12853.6,1510.0,0.0,4,1,0,12000.0,1500.0,0.0,14363.6,23,13500.0,5,28,2223,1,1,7
42,6000000.0,0,4,120,14,8,25,7,4213.6,60291.97,4049.7,7,8,7,12732.0,46700.0,4200.0,68555.27,40,63632.0,22,62,2223,1,1,9
37,4000000.0,0,4,79,14,7,1,0,1789.0,221.31,0.0,3,0,0,2150.0,0.0,0.0,2010.31,8,2150.0,3,11,2223,1,1,0
43,4383.0,0,4,124,14,7,0,0,1831.0,0.0,0.0,0,0,0,0.0,0.0,0.0,1831.0,7,0.0,0,7,2223,1,1,8
47,2000000.0,1,4,106,14,29,32,29,33717.02,46600.0,25533.32,0,0,0,0.0,0.0,0.0,105850.34,90,0.0,0,90,2222,2,0,3
23,100000.0,0,4,50,14,82,40,51,266649.74,209991.17,212218.75,6,9,25,44520.0,65250.0,122900.0,688859.66,173,232670.0,40,213,2223,1,0,8
47,2500000.0,1,4,47,14,3,11,16,2400.0,9893.6,8580.0,0,0,0,0.0,0.0,0.0,20873.6,30,0.0,0,30,2223,1,1,7
57,2500.0,1,1,83,14,93,53,56,353167.0,410926.0,280712.0,7,7,9,387059.0,390400.0,421411.94,1044805.0,202,1198870.94,23,225,2222,2,0,7
59,1850000.0,0,4,122,14,16,17,17,49993.6,48300.0,53349.7,7,6,8,50122.67,48099.37,53742.28,151643.3,50,151964.32,21,71,2223,1,0,6
59,4770495.0,1,4,142,14,62,44,33,235247.24,136476.0,100676.0,8,7,9,281703.79,78310.83,100287.32,472399.24,139,460301.94,24,163,2222,2,0,0
38,3000000.0,1,4,59,14,7,1,0,770.0,20.0,0.0,2,0,0,1000.0,0.0,0.0,790.0,8,1000.0,2,10,2223,1,1,7
64,3410000.0,1,4,84,14,1,0,0,1300.0,0.0,0.0,0,0,0,0.0,0.0,0.0,1300.0,1,0.0,0,1,2223,1,1,0
71,30000.0,1,1,57,14,12,14,15,68923.17,177856.33,80655.64,12,14,15,68923.17,177856.33,80655.64,327435.14,41,327435.14,41,82,2223,1,1,3
38,1500.0,1,4,108,14,39,27,42,256502.04,154250.87,173726.46,13,12,9,212000.0,154400.0,186000.0,584479.37,108,552400.0,34,142,2223,1,1,0
58,2000000.0,0,4,62,14,59,57,78,155957.06,101081.73,179202.46,8,7,8,195303.84,168254.66,190562.63,436241.25,194,554121.13,23,217,2223,1,0,0
25,500000.0,1,4,106,14,2,0,44,3693.6,0.0,246298.93,0,0,0,0.0,0.0,0.0,249992.53,46,0.0,0,46,2223,1,1,4
59,1000000.0,0,4,123,14,0,8,0,0.0,8092.0,0.0,0,0,0,0.0,0.0,0.0,8092.0,8,0.0,0,8,2223,1,0,5
49,5000.0,1,4,161,13,199,229,276,813110.39,2375717.32,2150797.1,12,17,19,998282.68,2857392.13,1325877.83,5339624.81,704,5181552.64,48,752,2223,1,0,9
30,2500000.0,1,4,53,14,135,76,36,764270.6,929922.75,592449.0,7,28,11,187800.0,490056.0,369480.0,2286642.35,247,1047336.0,46,293,2222,2,1,5
43,0.0034218629565991,0,1,17,23,6,6,9,2882.52,2478.6,4390.08,0,0,1,0.0,0.0,2900.0,9751.2,21,2900.0,1,22,2222,2,0,7
53,5000000.0,0,4,47,14,31,14,8,28248.85,4777.66,4348.95,14,8,5,709625.0,240311.84,70946.86,37375.46,53,1020883.7,27,80,2222,2,0,2
31,1000.0,0,4,62,14,251,250,283,2085330.34,3427228.24,1878798.85,19,12,22,2376430.9,1836217.16,2585347.38,7391357.43,784,6797995.44,53,837,2212,0,0,1
43,5000.0,1,4,56,14,0,1,6,0.0,414.12,22000.0,0,0,0,0.0,0.0,0.0,22414.12,7,0.0,0,7,2223,1,1,3
44,3000000.0,1,4,161,13,86,148,122,1528963.34,2077992.82,669436.22,6,13,9,650000.0,3097500.0,655000.0,4276392.38,356,4402500.0,28,384,2222,2,0,9
17,300000.0,0,4,159,13,154,220,109,321207.88,548052.47,227885.65,10,12,10,333500.0,547000.0,239500.0,1097146.0,483,1120000.0,32,515,2223,1,0,1
57,2000000.0,1,4,106,14,2,0,0,65.91,0.0,0.0,0,0,0,0.0,0.0,0.0,65.91,2,0.0,0,2,2223,1,1,9
66,38448.3,0,1,64,14,1,0,1,817.02,0.0,883.32,0,0,0,0.0,0.0,0.0,1700.34,2,0.0,0,2,2222,2,1,4
42,7000000.0,1,4,32,21,8,3,7,3982.6,1340.0,6446.7,0,0,0,0.0,0.0,0.0,11769.3,18,0.0,0,18,2223,1,0,3
44,907.0,1,1,162,13,92,125,127,332316.48,884558.38,479921.99,13,31,16,1733333.5,3648423.53,2386056.58,1696796.85,344,7767813.61,60,404,2222,2,0,8
18,500.0,1,4,83,14,3,0,40,9817.02,0.0,71159.84,0,0,7,0.0,0.0,37000.0,80976.86,43,37000.0,7,50,2223,1,0,0
58,2500000.0,0,4,83,14,0,0,1,0.0,0.0,883.32,0,0,0,0.0,0.0,0.0,883.32,1,0.0,0,1,2223,1,0,9
37,1000000.0,1,1,122,14,1,6,5,817.02,11330.0,11823.32,0,0,0,0.0,0.0,0.0,23970.34,12,0.0,0,12,2223,1,0,6
24,400000.0,1,4,57,14,19,1,0,52583.37,6000.0,0.0,8,1,0,45800.0,6000.0,0.0,58583.37,20,51800.0,9,29,2223,1,1,6
57,5000000.0,1,1,154,14,15,5,0,17839.5,2193.6,0.0,0,0,0,0.0,0.0,0.0,20033.1,20,0.0,0,20,2223,1,1,5
37,1000000.0,1,4,200,4,10,36,78,20982.0,66225.4,297639.32,5,18,14,21200.0,71350.0,56405.0,384846.72,124,148955.0,37,161,2223,1,0,8
42,15000000.0,1,1,111,14,41,44,34,156421.84,452923.92,361472.51,9,10,13,221653.65,342140.27,1004689.43,970818.27,119,1568483.35,32,151,2212,0,0,4
29,1000000.0,0,4,177,13,6,15,6,2459.0,18432.72,15050.0,6,7,1,3450.0,34750.0,15000.0,35941.72,27,53200.0,14,41,2223,1,0,3
46,6000000.0,1,4,85,14,81,120,133,225805.76,252754.02,231597.63,8,8,8,219161.77,277561.88,217641.43,710157.41,334,714365.08,24,358,2222,2,0,2
76,2500.0,1,1,82,14,18,0,0,46962.43,0.0,0.0,4,0,0,45122.21,0.0,0.0,46962.43,18,45122.21,4,22,2223,1,1,4
42,1500000.0,0,4,130,14,34,75,77,89003.63,358999.0,280003.0,9,9,10,96453.56,547971.74,245355.6,728005.63,186,889780.9,28,214,2223,1,0,2
45,4000000.0,1,4,52,14,21,32,2,37966.5,102954.0,900.0,4,0,0,44000.0,0.0,0.0,141820.5,55,44000.0,4,59,2222,2,1,1
39,2450.0,1,4,127,14,0,0,0,0.0,0.0,0.0,0,0,1,0.0,0.0,50.0,0.0,0,50.0,1,1,2223,1,1,6
57,2500000.0,1,4,134,14,28,17,17,35292.75,38861.45,45749.7,7,6,7,43213.46,42422.44,45243.09,119903.9,62,130878.99,20,82,2223,1,0,9
39,5000000.0,1,4,125,14,175,173,6,8629664.55,714278.4,22089.31,8,2,1,3850000.0,40000.0,10389.31,9366032.26,354,3900389.31,11,365,2222,2,1,3
52,180.0,1,1,201,4,0,17,0,0.0,53328.96,0.0,0,0,0,0.0,0.0,0.0,53328.96,17,0.0,0,17,2222,2,1,7
53,2185650.0,0,4,145,14,25,22,15,74417.02,29212.02,40200.0,8,6,7,74483.7,29396.88,40211.82,143829.04,62,144092.4,21,83,2223,1,0,9
55,15000.0,0,1,19,23,12,16,0,25167.06,33707.59,0.0,7,4,3,85025.04,85725.0,38.77,58874.65,28,170788.81,14,42,2222,2,1,7
56,5000000.0,1,1,86,14,6,6,6,903.2,903.08,943.26,0,0,0,0.0,0.0,0.0,2749.54,18,0.0,0,18,2223,1,1,0
53,10000000.0,1,4,118,14,2,0,1,1817.02,0.0,883.32,0,1,0,0.0,1000.0,0.0,2700.34,3,1000.0,1,4,2222,2,1,3
52,5000.0,1,4,126,14,11,11,13,12100.0,12100.0,14300.0,11,11,13,12100.0,12100.0,14300.0,38500.0,35,38500.0,35,70,2223,1,1,9
57,600.0,0,1,119,14,9,2,2,10299.66,2588.22,2133.32,0,0,0,0.0,0.0,0.0,15021.2,13,0.0,0,13,2223,1,1,9
47,3000000.0,1,4,92,14,268,236,259,2150943.86,2266447.05,1990144.73,31,28,25,2174117.99,2274968.38,2001157.79,6407535.64,763,6450244.16,84,847,2212,0,0,3
67,10000000.0,1,1,59,14,1,0,0,300.0,0.0,0.0,0,0,0,0.0,0.0,0.0,300.0,1,0.0,0,1,2223,1,1,5
30,250000.0,0,4,111,14,28,52,2,44295.31,128019.0,200.0,8,7,3,88290.0,104000.0,20650.0,172514.31,82,212940.0,18,100,2222,2,0,4
40,5000.0,1,4,126,14,5,3,0,1158.98,1500.0,0.0,0,0,0,0.0,0.0,0.0,2658.98,8,0.0,0,8,2223,1,1,3
34,1341000.0,1,4,92,14,8,12,13,8000.0,12000.0,13000.0,8,12,13,8000.0,12000.0,13000.0,33000.0,33,33000.0,33,66,2223,1,1,4
50,12061654.0,1,4,121,14,189,152,279,1295394.0,1148816.85,1375053.58,19,12,14,1179100.67,1347073.31,1226198.59,3819264.43,620,3752372.57,45,665,2222,2,0,2
51,500.0,0,4,88,14,9,12,13,18270.0,24360.0,26390.0,9,13,13,18270.0,24525.5,26390.0,69020.0,34,69185.5,35,69,2222,2,1,8
55,1500000.0,1,0,83,14,20,2,2,23800.0,2120.0,350.0,1,0,0,19450.0,0.0,0.0,26270.0,24,19450.0,1,25,2223,1,1,9
61,2500.0,1,1,85,14,198,188,203,321104.48,272390.94,351550.94,19,26,21,114675.09,128603.2,91204.57,945046.36,589,334482.86,66,655,2223,1,0,9
61,2000000.0,1,4,58,14,0,0,6,0.0,0.0,1883.32,0,0,0,0.0,0.0,0.0,1883.32,6,0.0,0,6,2223,1,0,0
39,298.0,1,4,122,14,88,112,72,59578.6,136611.8,74775.86,9,13,19,59500.0,172850.0,76560.0,270966.26,272,308910.0,41,313,2223,1,0,5
48,15000000.0,1,0,47,14,366,337,553,5089974.13,5014116.91,7696069.47,33,37,43,6050687.63,4239842.54,7816910.62,17800160.51,1256,18107440.79,113,1369,2211,3,0,7
45,50000000.0,0,1,86,14,183,95,109,528580.3,336952.93,184566.74,79,52,37,548600.0,338060.0,163720.0,1050099.97,387,1050380.0,168,555,2223,1,0,4
45,2450000.0,1,4,127,14,17,15,14,20505.6,6012.0,7561.7,0,0,3,0.0,0.0,11900.0,34079.3,46,11900.0,3,49,2223,1,0,4
76,900000.0,1,1,133,14,1,1,0,610.78,693.6,0.0,0,0,0,0.0,0.0,0.0,1304.38,2,0.0,0,2,2223,1,1,7
55,3096555.0,1,4,130,14,16,34,1,56992.0,632312.1,4000.0,6,1,0,61014.2,15046.62,0.0,693304.1,51,76060.82,7,58,2223,1,1,5
46,3000000.0,0,4,98,14,0,0,1,0.0,0.0,1000.0,0,0,1,0.0,0.0,1000.0,1000.0,1,1000.0,1,2,2223,1,1,1
51,2500000.0,1,4,123,14,4,3,0,100000.0,71330.1,0.0,4,5,0,100000.0,112000.0,0.0,171330.1,7,212000.0,9,16,2223,1,1,5
40,1500000.0,1,4,83,14,56,74,94,113988.05,108400.06,222272.45,6,7,9,395458.5,373957.16,454867.53,444660.56,224,1224283.19,22,246,2232,2,0,6
44,2500.0,0,4,120,14,26,21,1,145189.24,69052.0,200.0,5,3,0,35971.85,69204.51,0.0,214441.24,48,105176.36,8,56,2223,1,1,1
34,2000000.0,0,4,52,14,18,31,62,9919.71,883300.0,234750.64,0,4,4,0.0,870000.0,254125.02,1127970.35,111,1124125.02,8,119,2222,2,0,0
46,3000.0,1,4,84,14,107,116,131,72137.2,79050.0,89370.26,7,6,7,82556.16,76940.28,88470.15,240557.46,354,247966.59,20,374,2223,1,0,9
58,4628875.0,0,1,130,14,58,43,49,50852.42,97476.93,62554.16,9,9,18,42389.93,48901.3,47685.0,210883.51,150,138976.23,36,186,2223,1,0,0
67,5000.0,1,1,61,14,5,5,7,450.0,375.0,525.0,7,6,7,66125.86,59208.06,70522.0,1350.0,17,195855.92,20,37,2223,1,0,9
51,3000.0,1,4,90,14,3,0,0,5022.59,0.0,0.0,3,0,0,5022.59,0.0,0.0,5022.59,3,5022.59,3,6,2222,2,1,0
59,16000000.0,1,1,100,14,354,349,429,2686991.91,2032778.71,3128186.53,51,64,41,2526510.56,2499805.69,2257766.46,7847957.15,1132,7284082.71,156,1288,2212,0,0,2
34,2000000.0,0,4,48,14,5,2,1,21000.0,2458.0,1000.0,0,0,0,0.0,0.0,0.0,24458.0,8,0.0,0,8,2223,1,0,6
42,1500000.0,1,4,135,14,6,6,22,30000.0,30000.0,69772.22,6,6,11,30000.0,30000.0,69900.0,129772.22,34,129900.0,23,57,2223,1,0,2
62,9500000.0,0,1,79,14,14,4,1,28848.0,17625.0,2000.0,0,0,0,0.0,0.0,0.0,48473.0,19,0.0,0,19,2222,2,1,2
60,4500000.0,1,4,180,13,24,24,22,61242.47,74580.0,62042.47,6,7,6,61523.8,74493.32,62701.36,197864.94,70,198718.48,19,89,2223,1,0,1
24,1500.0,1,4,49,14,0,0,29,0.0,0.0,744031.02,0,0,6,0.0,0.0,2778295.07,744031.02,29,2778295.07,6,35,2222,2,0,5
37,5500000.0,0,4,80,14,43,67,69,200685.37,230050.04,188769.6,18,12,15,201990.0,204600.0,188100.0,619505.01,179,594690.0,45,224,2223,1,0,7
34,200000.0,1,1,48,14,89,84,98,572964.85,286674.24,540129.87,12,20,17,252280.0,390517.25,441398.74,1399768.96,271,1084195.99,49,320,2222,2,0,7
46,3000000.0,1,4,154,14,4,0,3,9600.0,0.0,10800.0,0,0,0,0.0,0.0,0.0,20400.0,7,0.0,0,7,2223,1,0,8
51,3500000.0,1,4,129,14,0,2,0,0.0,1899.5,0.0,1,9,3,94000.0,207035.0,83950.0,1899.5,2,384985.0,13,15,2223,1,1,3
47,6777747.0,1,4,38,20,33,2,0,63667.0,642.0,0.0,8,1,0,63980.0,650.0,0.0,64309.0,35,64630.0,9,44,2222,2,1,7
45,4000000.0,1,4,120,14,126,121,124,745555.03,699847.55,521748.66,13,12,14,958051.76,1106642.24,864202.74,1967151.24,371,2928896.74,39,410,2222,2,0,9
60,2000000.0,1,4,144,14,14,8,0,9893.6,10214.12,0.0,0,1,0,0.0,55131.0,0.0,20107.72,22,55131.0,1,23,2223,1,1,5
51,2000000.0,0,4,119,14,26,3,8,19993.6,1200.0,4749.7,0,0,0,0.0,0.0,0.0,25943.3,37,0.0,0,37,2223,1,0,1
45,1000000.0,1,4,123,14,17,25,42,33921.6,84485.63,52627.78,7,6,8,45766.83,47338.75,56268.14,171035.01,84,149373.72,21,105,2223,1,0,1
40,180000.0,1,4,132,14,65,0,0,171578.11,0.0,0.0,0,0,0,0.0,0.0,0.0,171578.11,65,0.0,0,65,2223,1,1,6
20,1000000.0,0,4,61,14,0,0,22,0.0,0.0,76932.74,0,0,0,0.0,0.0,0.0,76932.74,22,0.0,0,22,2223,1,0,0
31,500000.0,1,4,130,14,6,0,0,2555.0,0.0,0.0,1,0,0,600.0,0.0,0.0,2555.0,6,600.0,1,7,2223,1,1,0
40,500000.0,0,4,173,13,0,0,5,0.0,0.0,14249.7,0,0,0,0.0,0.0,0.0,14249.7,5,0.0,0,5,2223,1,1,6
39,1000000.0,0,4,134,14,45,8,20,138675.06,7499.6,29421.28,8,2,5,15550.0,2000.0,25500.0,175595.94,73,43050.0,15,88,2223,1,1,8
18,1000000.0,0,4,204,3,0,3,0,0.0,6536.46,0.0,0,0,0,0.0,0.0,0.0,6536.46,3,0.0,0,3,2223,1,1,8
33,0.0,1,4,65,14,12,8,0,10115.6,30511.0,0.0,3,0,0,3020.0,0.0,0.0,40626.6,20,3020.0,3,23,2223,1,0,7
53,10000000.0,1,4,131,14,3,17,52,4209.0,38719.6,25762.0,10,8,7,115439.0,109058.0,92939.0,68690.6,72,317436.0,25,97,2223,1,0,0
61,2500.0,1,1,82,14,21,13,16,22700.0,18050.0,24021.0,7,6,7,22838.0,21012.0,24000.0,64771.0,50,67850.0,20,70,2222,2,1,4
61,2000000.0,1,1,90,14,9,13,4,6261.6,33823.75,2045.26,0,0,0,0.0,0.0,0.0,42130.61,26,0.0,0,26,2223,1,1,1
41,3200000.0,0,4,80,14,5,5,4,13570.6,40993.6,18000.0,0,0,0,0.0,0.0,0.0,72564.2,14,0.0,0,14,2223,1,1,3
57,2700000.0,1,4,170,13,2,0,0,1250.0,0.0,0.0,0,0,0,0.0,0.0,0.0,1250.0,2,0.0,0,2,2223,1,1,1
50,3000000.0,0,4,109,14,66,62,57,474980.81,286949.78,210608.64,8,6,2,183623.0,131380.0,52380.0,972539.23,185,367383.0,16,201,2222,2,0,6
41,2000000.0,1,4,59,14,12,4,4,6780.0,2340.0,2500.0,0,0,0,0.0,0.0,0.0,11620.0,20,0.0,0,20,2223,1,1,6
56,2591052.0,1,4,143,14,29,39,63,72644.1,68461.0,93439.7,8,9,9,72807.97,68680.39,94703.87,234544.8,131,236192.23,26,157,2223,1,0,5
40,18000000.0,1,4,132,14,105,152,245,1002497.94,758305.82,981585.76,7,9,8,801754.04,814374.46,1015287.04,2742389.52,502,2631415.54,24,526,2212,0,0,0
40,1500000.0,1,4,123,14,50,45,1,201165.4,91614.12,400.0,10,4,0,229900.0,165053.0,0.0,293179.52,96,394953.0,14,110,2223,1,1,7
59,2500000.0,0,4,136,14,13,12,15,42700.0,42200.0,49349.7,7,6,8,42763.43,42292.32,49325.37,134249.7,40,134381.12,21,61,2223,1,0,1
21,500.0,0,4,57,14,10,8,2,38950.0,173779.0,83200.0,7,8,7,80850.0,120578.0,86532.13,295929.0,20,287960.13,22,42,2222,2,0,9
56,1277139.0,1,4,138,14,8,0,1,3817.02,0.0,106.03,0,0,0,0.0,0.0,0.0,3923.05,9,0.0,0,9,2223,1,1,9
37,500.0,0,4,74,14,7,0,0,15063.6,0.0,0.0,0,0,0,0.0,0.0,0.0,15063.6,7,0.0,0,7,2223,1,1,0
49,1000000.0,0,4,120,14,31,39,49,106041.94,101459.73,114676.0,7,7,6,102853.85,127174.14,89644.16,322177.67,119,319672.15,20,139,2222,2,0,5
20,100000.0,1,4,50,14,1,0,0,693.6,0.0,0.0,0,0,0,0.0,0.0,0.0,693.6,1,0.0,0,1,2223,1,1,2
57,15000000.0,1,1,163,13,6,6,6,1200.0,1200.0,1200.0,1,0,0,90000.0,0.0,0.0,3600.0,18,90000.0,1,19,2222,2,1,6
38,3500000.0,0,4,72,14,209,260,247,488028.44,742761.49,902555.13,11,24,22,328751.32,537669.04,467989.37,2133345.06,716,1334409.73,57,773,2222,2,0,5
65,2850000.0,0,1,123,14,33,40,25,115093.6,85600.0,90349.7,2,6,6,26000.0,78000.0,78000.0,291043.3,98,182000.0,14,112,2223,1,0,8
62,2500.0,0,1,83,14,7,8,16,2019.4,1610.0,8335.74,3,2,3,2200.0,1500.0,4200.0,11965.14,31,7900.0,8,39,2222,2,0,2
39,1466670.0,1,4,130,14,149,208,170,138251.43,319963.56,206108.34,12,10,12,123496.68,131352.15,230990.96,664323.33,527,485839.79,34,561,2223,1,0,7
52,2500.0,1,1,82,14,16,54,25,19788.6,164578.54,27401.0,0,2,1,0.0,22500.0,3000.0,211768.14,95,25500.0,3,98,2223,1,1,0
53,22615005.0,0,4,151,14,0,0,1,0.0,0.0,447.78,1,1,3,3116.88,2909.88,9090.68,447.78,1,15117.44,5,6,2223,1,0,1
41,10000000.0,0,4,49,14,110,144,155,264292.53,301875.91,530365.69,13,14,16,249657.58,332834.58,358483.78,1096534.13,409,940975.94,43,452,2222,2,0,5
51,1000000.0,1,4,122,14,2,1,0,566.47,2000.0,0.0,0,0,0,0.0,0.0,0.0,2566.47,3,0.0,0,3,2223,1,1,2
59,3200000.0,0,4,83,14,119,128,105,191269.8,239113.9,188417.0,3,4,1,55146.76,47906.36,2800.0,618800.7,352,105853.12,8,360,2223,1,0,7
53,8500000.0,0,4,55,14,13,21,13,24543.6,37170.0,35237.7,5,11,8,28300.0,52280.0,35000.0,96951.3,47,115580.0,24,71,2223,1,0,1
28,500000.0,0,4,106,14,1,0,1,693.6,0.0,749.7,0,0,0,0.0,0.0,0.0,1443.3,2,0.0,0,2,2223,1,1,8
57,15000000.0,1,1,65,14,12,3,2,20124.95,4000.0,2945.28,2,0,0,2899.76,0.0,0.0,27070.23,17,2899.76,2,19,2222,2,1,1
22,1000000.0,1,4,54,14,2,3,0,10000.0,9000.0,0.0,0,0,0,0.0,0.0,0.0,19000.0,5,0.0,0,5,2223,1,1,4
18,750000.0,0,4,49,14,0,0,1,0.0,0.0,693.6,0,0,0,0.0,0.0,0.0,693.6,1,0.0,0,1,2223,1,1,6
46,2850000.0,0,2,121,14,19,20,5,33100.0,18534.04,2900.0,0,0,0,0.0,0.0,0.0,54534.04,44,0.0,0,44,2222,2,0,6
17,200000.0,1,4,66,14,17,13,19,40493.0,28900.0,26400.0,0,0,0,0.0,0.0,0.0,95793.0,49,0.0,0,49,2224,1,0,3
65,2500.0,0,1,83,14,17,23,22,44600.0,52800.0,49000.0,7,8,7,45649.34,51677.28,48687.89,146400.0,62,146014.51,22,84,2223,1,0,9
62,7000000.0,0,4,84,14,1,0,0,20.94,0.0,0.0,2,0,0,41.88,0.0,0.0,20.94,1,41.88,2,3,2222,2,1,5
26,0.0,0,4,106,14,4,11,0,1230.0,6778.8,0.0,1,2,0,1000.0,6750.0,0.0,8008.8,15,7750.0,3,18,2223,1,1,1
44,1500000.0,0,4,123,14,99,107,169,405928.6,265144.79,590469.11,8,4,6,292787.16,229508.4,327548.79,1261542.5,375,849844.35,18,393,2222,2,0,7
34,500000.0,0,4,53,14,67,199,55,554905.59,1361879.79,141765.38,5,10,5,556600.0,1219705.6,157460.0,2058550.76,321,1933765.6,20,341,2223,1,0,6
42,6550000.0,0,1,110,14,71,71,58,200346.6,166867.05,139080.21,25,23,27,649202.28,493920.85,659266.45,506293.86,200,1802389.58,75,275,2222,2,0,7
56,0.0034218629565991,1,4,1,28,9,14,2,6545.0,19800.0,400.0,0,1,0,0.0,18550.72,0.0,26745.0,25,18550.72,1,26,2223,1,0,4
64,1000000.0,1,1,131,14,32,45,35,142984.06,189084.0,109172.0,7,8,6,143082.34,189382.76,109290.54,441240.06,112,441755.64,21,133,2222,2,0,8
61,5000000.0,1,4,54,14,21,5,6,79956.56,7150.0,11111.72,1,0,0,11950.0,0.0,0.0,98218.28,32,11950.0,1,33,2222,2,0,4
52,15000000.0,1,1,123,14,0,20,10,0.0,60140.95,18321.0,0,4,1,0.0,58500.0,10000.0,78461.95,30,68500.0,5,35,2223,1,1,3
55,180000.0,0,4,73,14,16,4,7,13286.5,6111.9,14845.68,5,0,1,4497.64,0.0,18117.3,34244.08,27,22614.94,6,33,2223,1,0,7
32,2000000.0,0,4,83,14,6,38,31,6042.1,172817.93,109409.7,1,1,5,15000.0,11200.0,55000.0,288269.73,75,81200.0,7,82,2223,1,0,8
33,450000.0,0,4,60,14,36,112,9,97588.02,532132.22,10481.03,6,7,2,42000.0,444475.58,1400.0,640201.27,157,487875.58,15,172,2222,2,0,5
41,5000.0,1,4,47,14,68,38,54,136770.78,75093.15,114693.02,14,12,10,110383.75,52004.99,69952.54,326556.95,160,232341.28,36,196,2222,2,0,5
43,17000.0,1,4,47,14,18,0,1,51222.02,0.0,749.7,3,0,0,53600.0,0.0,0.0,51971.72,19,53600.0,3,22,2223,1,1,2
35,209.0,0,4,137,14,121,122,112,809186.51,986380.79,1137855.43,40,43,38,1029655.5,1081893.76,1193976.22,2933422.73,355,3305525.48,121,476,2223,1,0,5
37,6000.0,0,4,88,14,0,0,6,0.0,0.0,3787633.32,0,0,0,0.0,0.0,0.0,3787633.32,6,0.0,0,6,2222,2,0,8
57,2500000.0,0,1,95,14,89,77,73,109912.85,89721.5,77241.71,10,9,7,73500.0,69500.0,83000.0,276876.06,239,226000.0,26,265,2223,1,0,7
45,185000.0,1,4,123,14,26,24,26,96183.6,86000.0,101049.7,7,6,8,103295.61,80150.0,97084.05,283233.3,76,280529.66,21,97,2223,1,0,4
31,2000000.0,0,4,53,14,12,13,12,58200.73,47528.61,39050.75,0,0,0,0.0,0.0,0.0,144780.09,37,0.0,0,37,2222,2,1,8
29,0.0,1,4,118,14,38,63,29,96245.8,367375.3,88478.9,8,13,10,130770.81,228594.57,157385.87,552100.0,130,516751.25,31,161,2223,1,0,9
36,100000.0,1,4,126,14,104,126,39,129656.31,156368.94,55409.51,104,126,39,129656.31,156368.94,55409.51,341434.76,269,341434.76,269,538,2223,1,1,6
45,6500000.0,0,4,53,14,1,0,12,817.02,0.0,553033.32,0,0,2,0.0,0.0,24000.0,553850.34,13,24000.0,2,15,2222,2,0,4
63,4000000.0,0,5,106,14,0,2,3,0.0,1304.38,6749.7,0,0,0,0.0,0.0,0.0,8054.08,5,0.0,0,5,2223,1,1,1
43,6000000.0,1,4,54,14,94,85,77,160865.6,136756.71,108375.44,25,19,22,587245.05,699798.63,657956.54,405997.75,256,1945000.22,66,322,2222,2,0,3
32,1000000.0,0,4,166,13,0,30,7,0.0,33535.0,5510.0,0,2,1,0.0,6700.0,9000.0,39045.0,37,15700.0,3,40,2223,1,0,6
52,2500000.0,1,4,128,14,20,17,25,48223.6,50490.0,59049.7,7,6,8,48313.45,50564.48,64434.76,157763.3,62,163312.69,21,83,2223,1,0,4
43,2500.0,1,1,18,23,0,2,0,0.0,2251.7,0.0,0,0,0,0.0,0.0,0.0,2251.7,2,0.0,0,2,2212,0,1,9
42,1800000.0,1,4,122,14,14,0,1,28593.6,0.0,749.7,3,0,0,25038.41,0.0,0.0,29343.3,15,25038.41,3,18,2223,1,1,5
44,1350.0,0,1,130,14,144,109,144,462126.88,217572.92,266242.08,5,4,26,155500.0,30500.0,179200.0,945941.88,397,365200.0,35,432,2222,2,0,0
44,4100000.0,1,4,52,14,33,11,14,66605.87,1571.0,10249.7,8,0,4,111495.36,0.0,8197.98,78426.57,58,119693.34,12,70,2223,1,0,9
44,2145000.0,1,4,136,14,0,0,50,0.0,0.0,6565.26,0,0,2,0.0,0.0,7000.0,6565.26,50,7000.0,2,52,2223,1,0,6
50,180000.0,0,1,192,9,3,0,0,7693.6,0.0,0.0,0,0,0,0.0,0.0,0.0,7693.6,3,0.0,0,3,2223,1,1,9
43,2000000.0,0,1,54,14,1,13,0,610.78,38800.0,0.0,0,0,0,0.0,0.0,0.0,39410.78,14,0.0,0,14,2223,1,1,6
57,200.0,1,4,189,10,1,0,1,817.02,0.0,883.32,0,0,3,0.0,0.0,16000.0,1700.34,2,16000.0,3,5,2222,2,1,1
53,2000000.0,1,4,159,13,2,29,14,993.6,71300.0,46645.26,0,7,5,0.0,88501.0,73000.0,118938.86,45,161501.0,12,57,2223,1,0,4
62,50000000.0,1,4,103,14,4,0,0,11136.22,0.0,0.0,4,0,0,11136.22,0.0,0.0,11136.22,4,11136.22,4,8,2223,1,1,2
16,500000.0,1,4,53,14,25,23,7,29294.98,102751.05,16560.0,6,10,1,18000.0,103000.0,3000.0,148606.03,55,124000.0,17,72,2223,1,0,2
54,5000.0,0,4,39,20,17,23,31,48406.7,140420.73,398011.42,6,13,14,59674.0,145401.2,180975.07,586838.85,71,386050.27,33,104,2224,1,0,2
48,3000.0,0,4,84,14,51,4,13,101173.49,6963.0,43260.5,0,0,0,0.0,0.0,0.0,151396.99,68,0.0,0,68,2223,1,1,1
54,6000.0,0,1,176,13,20,0,16,35947.0,0.0,19045.8,1,1,1,200.0,20.0,26000.0,54992.8,36,26220.0,3,39,2223,1,0,7
41,700.0,0,4,152,14,6,16,31,6360.78,19906.0,51668.27,3,0,2,6400.0,0.0,1800.0,77935.05,53,8200.0,5,58,2223,1,1,3
57,4000.0,0,1,160,13,0,0,0,0.0,0.0,0.0,2,0,0,296840.35,0.0,0.0,0.0,0,296840.35,2,2,2222,2,1,9
70,12000.0,0,4,1,28,101,27,45,317690.4,42386.21,659455.74,4,3,0,253728.42,150112.0,0.0,1019532.35,173,403840.42,7,180,2212,0,0,3
68,3750000.0,0,4,121,14,3,0,0,10000.0,0.0,0.0,0,0,0,0.0,0.0,0.0,10000.0,3,0.0,0,3,2222,2,0,4
51,12000000.0,1,4,46,14,38,15,11,138570.33,47400.0,35600.0,0,0,0,0.0,0.0,0.0,221570.33,64,0.0,0,64,2223,1,1,5
40,2000000.0,0,4,136,14,66,200,108,100227.41,335680.96,139662.8,0,15,9,0.0,131000.0,136500.0,575571.17,374,267500.0,24,398,2223,1,0,5
61,1350000.0,1,1,138,14,48,35,31,71663.6,73050.0,81799.7,14,14,15,60782.86,73249.42,82043.04,226513.3,114,216075.32,43,157,2223,1,0,3
42,80000000.0,0,4,157,13,366,450,77,1815901.31,4763854.62,463970.34,74,99,24,1969954.95,5387378.32,533026.97,7043726.27,893,7890360.24,197,1090,2230,3,1,9
55,2000.0,1,4,52,14,0,3,0,0.0,4100.0,0.0,0,0,0,0.0,0.0,0.0,4100.0,3,0.0,0,3,2222,2,1,8
39,6853720.0,0,4,110,14,64,43,67,338479.0,163921.6,162066.0,16,18,11,262110.0,153294.0,168113.71,664466.6,174,583517.71,45,219,2222,2,0,1
63,200000.0,1,4,69,14,17,23,24,32692.16,57479.59,44497.38,0,0,0,0.0,0.0,0.0,134669.13,64,0.0,0,64,2222,2,0,7
52,2750000.0,0,4,122,14,1,1,2,817.02,414.12,2883.32,0,0,0,0.0,0.0,0.0,4114.46,4,0.0,0,4,2222,2,1,9
28,2000000.0,1,4,81,14,0,1,0,0.0,800.0,0.0,0,0,0,0.0,0.0,0.0,800.0,1,0.0,0,1,2223,1,1,8
41,4600000.0,1,4,81,14,4,41,69,1545450.0,1003584.52,225061.86,9,3,2,1167728.0,236000.0,860000.0,2774096.38,114,2263728.0,14,128,2222,2,0,8
39,5000000.0,0,1,139,14,14,12,13,6449.99,7200.0,7800.0,10,12,14,5474.83,7200.0,8391.75,21449.99,39,21066.58,36,75,2222,2,1,6
66,9121.0,1,1,81,14,8,2,0,16488.12,12.52,0.0,3,0,0,8358.34,0.0,0.0,16500.64,10,8358.34,3,13,2222,2,1,7
39,2000000.0,0,4,51,14,0,61,64,0.0,38851.2,26451.0,0,10,9,0.0,23250.0,26900.0,65302.2,125,50150.0,19,144,2222,2,1,2
47,300.0,0,4,36,21,51,71,70,110275.0,134655.0,337785.0,7,12,12,114562.5,131173.0,342224.88,582715.0,192,587960.38,31,223,2223,1,0,7
43,1500.0,1,4,122,14,22,30,14,50257.2,47579.8,24829.7,7,6,8,47679.85,47629.69,41081.16,122666.7,66,136390.7,21,87,2223,1,1,0
58,10287.0,1,4,52,14,4,0,0,1000.0,0.0,0.0,0,0,0,0.0,0.0,0.0,1000.0,4,0.0,0,4,2223,1,1,2
22,500000.0,0,4,52,14,0,0,21,0.0,0.0,9088.7,0,0,2,0.0,0.0,9001.34,9088.7,21,9001.34,2,23,2223,1,1,7
43,500000.0,1,4,166,13,1,0,2,14436.77,0.0,908.6,2,1,1,28873.54,25.28,3255.26,15345.37,3,32154.08,4,7,2222,2,1,7
38,5000000.0,1,4,168,13,22,6,0,30505.89,19874.0,0.0,0,1,0,0.0,20000.0,0.0,50379.89,28,20000.0,1,29,2222,2,1,4
58,25000000.0,1,4,134,14,1,7,13,20581.63,144071.41,267561.19,1,7,13,20581.63,144071.41,267561.19,432214.23,21,432214.23,21,42,2223,1,1,5
22,2000000.0,1,4,166,13,8,27,31,34991.67,235976.26,339028.08,0,0,0,0.0,0.0,0.0,609996.01,66,0.0,0,66,2223,1,1,5
60,3000.0,0,4,84,14,21,30,27,28675.6,31818.0,35078.7,7,6,7,31848.78,29438.46,34580.56,95572.3,78,95867.8,20,98,2223,1,0,8
36,500000.0,1,1,146,14,110,75,27,433514.24,233947.76,66036.0,10,9,5,222810.0,299500.0,44000.0,733498.0,212,566310.0,24,236,2223,1,1,4
39,5000000.0,1,4,60,14,0,0,2,0.0,0.0,1443.3,0,0,0,0.0,0.0,0.0,1443.3,2,0.0,0,2,2223,1,1,4
43,10000000.0,1,4,127,14,29,117,162,72422.84,416062.49,349238.06,4,11,55,42000.0,566000.0,332390.0,837723.39,308,940390.0,70,378,2223,1,0,0
49,6131000.0,1,4,51,14,9,17,27,44002.0,98690.0,175193.5,1,3,4,145620.49,13400.0,161131.46,317885.5,53,320151.95,8,61,2222,2,0,1
53,48500000.0,1,4,151,14,68,85,53,217497.78,357694.48,192104.66,1,7,4,15000.0,125800.0,55000.0,767296.92,206,195800.0,12,218,2223,1,0,5
37,1000000.0,0,4,100,14,20,19,16,32120.0,27846.2,32019.0,4,6,3,21725.0,22800.0,31500.0,91985.2,55,76025.0,13,68,2223,1,1,5
42,100.0,1,4,81,14,78,156,145,313235.41,631503.04,521933.48,13,31,28,357278.66,518680.48,591425.26,1466671.93,379,1467384.4,72,451,2222,2,0,6
45,8000000.0,1,4,138,14,47,38,27,400117.02,209059.44,139747.32,6,6,8,205000.0,210000.0,341000.0,748923.78,112,756000.0,20,132,2222,2,0,3
39,2000000.0,0,4,153,14,4,4,4,60193.6,94019.5,190443.42,10,10,15,110800.0,92450.0,186210.0,344656.52,12,389460.0,35,47,2223,1,0,2
56,5000.0,1,0,122,14,238,309,260,6119489.66,2931356.97,5337373.46,24,15,12,9961753.76,2024243.45,744423.24,14388220.09,807,12730420.45,51,858,2211,3,0,5
57,3000.0,0,1,136,14,33,177,123,522576.11,2487017.51,712015.46,7,14,13,1149525.37,2321740.04,1394457.58,3721609.08,333,4865722.99,34,367,2211,3,0,3
41,3500000.0,0,4,91,14,2,2,0,6210.78,8500.0,0.0,1,1,0,6000.0,8700.0,0.0,14710.78,4,14700.0,2,6,2223,1,1,4
29,1000000.0,1,4,51,14,29,65,104,279015.0,112788.0,269577.78,12,12,16,202105.0,170423.0,498700.0,661380.78,198,871228.0,40,238,2223,1,0,4
14,500000.0,0,4,134,14,6,6,6,1764.0,1764.0,1764.0,0,0,0,0.0,0.0,0.0,5292.0,18,0.0,0,18,2223,1,1,8
46,2680000.0,0,1,93,14,27,12,0,10164.6,11450.0,0.0,7,4,0,11300.0,6700.0,0.0,21614.6,39,18000.0,11,50,2223,1,1,2
57,2500.0,1,4,82,14,9,22,0,19600.0,37993.6,0.0,0,0,0,0.0,0.0,0.0,57593.6,31,0.0,0,31,2223,1,1,3
66,0.0034218629565991,0,1,25,21,11,25,22,28500.0,42200.0,31200.0,7,7,18,24294.55,24294.55,26893.5,101900.0,58,75482.6,32,90,2223,1,0,0
42,2000000.0,1,4,160,13,16,17,13,52756.1,39860.0,28583.32,0,1,1,0.0,4500.0,33000.0,121199.42,46,37500.0,2,48,2223,1,1,1
53,5000000.0,1,4,105,14,20,15,0,71700.0,63400.0,0.0,6,5,0,71801.94,63447.15,0.0,135100.0,35,135249.09,11,46,2223,1,1,0
46,16500.0,1,1,129,14,8,7,0,30700.0,28889.52,0.0,3,1,0,30500.0,30000.0,0.0,59589.52,15,60500.0,4,19,2223,1,1,4
36,500000.0,0,1,111,14,129,149,145,212165.2,291051.99,291679.37,10,28,26,198676.67,471709.45,468087.24,794896.56,423,1138473.36,64,487,2222,2,0,7
47,1277139.0,0,4,145,14,19,23,29,71493.6,88500.0,97149.7,16,17,16,71610.83,88560.77,97304.18,257143.3,71,257475.78,49,120,2223,1,0,1
44,0.0034218629565991,1,4,51,14,0,2,0,0.0,1000.0,0.0,0,0,0,0.0,0.0,0.0,1000.0,2,0.0,0,2,2222,2,1,8
62,10000.0,0,4,102,14,0,0,9,0.0,0.0,6440.66,0,0,0,0.0,0.0,0.0,6440.66,9,0.0,0,9,2223,1,1,3
41,5000000.0,1,4,90,14,0,0,0,0.0,0.0,0.0,1,0,0,50125.05,0.0,0.0,0.0,0,50125.05,1,1,2223,1,1,1
16,1000000.0,1,4,84,14,15,6,3,42100.0,3500.0,1600.0,1,0,0,41000.0,0.0,0.0,47200.0,24,41000.0,1,25,2223,1,0,9
39,3000000.0,1,1,146,14,15,0,0,24936.76,0.0,0.0,1,0,0,25000.0,0.0,0.0,24936.76,15,25000.0,1,16,2223,1,1,0
66,2711097.0,1,1,11,24,18,6,0,34090.0,16900.0,0.0,6,3,0,34336.38,17168.19,0.0,50990.0,24,51504.57,9,33,2233,1,1,0
62,3500.0,1,4,61,14,15,18,18,46450.0,53300.0,52049.7,4,6,7,46445.57,53283.9,60858.0,151799.7,51,160587.47,17,68,2223,1,0,9
39,1500000.0,1,4,164,13,13,7,4,18172.6,66460.0,5849.7,1,1,0,20000.0,50000.0,0.0,90482.3,24,70000.0,2,26,2223,1,1,3
63,4500000.0,0,1,110,14,6,16,38,17101.6,70400.0,102342.16,7,8,11,28300.0,74200.0,103100.0,189843.76,60,205600.0,26,86,2223,1,0,1
52,2000.0,0,1,152,14,0,0,1,0.0,0.0,19.5,0,0,0,0.0,0.0,0.0,19.5,1,0.0,0,1,2223,1,1,8
37,500.0,0,1,118,14,186,172,141,812499.85,847172.01,792156.06,14,13,17,824864.22,868698.29,903314.29,2451827.92,499,2596876.8,44,543,2223,1,0,2
50,1660278.0,1,4,107,14,4,2,0,1800.0,900.0,0.0,2,1,0,1835.87,862.89,0.0,2700.0,6,2698.76,3,9,2223,1,1,1
44,2000000.0,1,4,135,14,72,31,27,62192.2,30262.0,298947.7,7,8,6,31500.0,37500.0,24000.0,391401.9,130,93000.0,21,151,2223,1,1,5
50,2850000.0,1,4,131,14,87,143,188,771078.84,1424645.19,619938.89,10,6,3,1791000.0,651350.0,45000.0,2815662.92,418,2487350.0,19,437,2222,2,0,0
65,500.0,1,4,79,14,30,24,26,80050.0,63592.02,81950.0,1,0,0,29000.0,0.0,0.0,225592.02,80,29000.0,1,81,2222,2,0,2
22,1500.0,1,4,138,14,0,0,3,0.0,0.0,1050.0,0,0,0,0.0,0.0,0.0,1050.0,3,0.0,0,3,2223,1,1,0
52,1000000.0,0,4,111,14,5,1,0,4900.0,400.0,0.0,0,0,2,0.0,0.0,1000.0,5300.0,6,1000.0,2,8,2223,1,0,5
33,500000.0,1,4,150,14,1,0,1,817.02,0.0,883.32,0,0,0,0.0,0.0,0.0,1700.34,2,0.0,0,2,2222,2,1,9
65,7364.0,1,1,190,10,1,0,1,907.8,0.0,981.24,0,0,0,0.0,0.0,0.0,1889.04,2,0.0,0,2,2223,1,1,3
37,3800000.0,0,4,110,14,152,159,238,212358.0,226434.7,452967.01,6,6,28,212214.83,228977.56,486105.91,891759.71,549,927298.3,40,589,2222,2,0,6
39,4500000.0,1,4,81,14,20,25,60,118991.86,79343.62,310394.7,3,0,3,481026.68,0.0,59508.0,508730.18,105,540534.68,6,111,2223,1,0,4
39,5000000.0,1,1,66,14,4,3,2,3430.17,1581.14,2283.54,2,0,0,525.0,0.0,0.0,7294.85,9,525.0,2,11,2222,2,1,3
64,2500.0,1,1,83,14,53,44,70,97926.0,108362.0,174458.21,7,10,12,77706.9,133686.26,135305.15,380746.21,167,346698.31,29,196,2223,1,0,4
30,1500000.0,1,4,109,14,73,119,118,177085.97,307345.28,325217.14,14,13,5,141600.0,158700.0,20700.0,809648.39,310,321000.0,32,342,2222,2,0,8
23,0.0,1,4,81,14,31,40,54,86471.99,133702.77,175954.39,5,11,9,29000.0,107000.0,77700.0,396129.15,125,213700.0,25,150,2223,1,1,9
25,2000000.0,1,4,81,14,0,1,0,0.0,800.0,0.0,0,0,0,0.0,0.0,0.0,800.0,1,0.0,0,1,2223,1,1,2
33,500000.0,1,4,101,14,7,8,5,8615.0,7220.0,5900.0,1,6,1,5000.0,8200.0,5000.0,21735.0,20,18200.0,8,28,2223,1,0,2
16,2000.0,1,4,61,14,3,0,5,1242.36,0.0,601455.34,2,0,0,71537.95,0.0,0.0,602697.7,8,71537.95,2,10,2222,2,0,2
43,6500000.0,1,4,111,14,6,8,1,2317.02,1900.0,200.0,1,0,0,2000.0,0.0,0.0,4417.02,15,2000.0,1,16,2222,2,1,0
39,1800000.0,1,4,142,14,0,1,0,0.0,693.6,0.0,0,0,0,0.0,0.0,0.0,693.6,1,0.0,0,1,2223,1,1,9
56,500000.0,1,4,158,13,4,4,5,15693.6,15000.0,7949.7,0,0,0,0.0,0.0,0.0,38643.3,13,0.0,0,13,2223,1,0,8
25,300000.0,0,4,132,14,1,11,3,1000.0,24986.0,10693.6,0,1,2,0.0,25000.0,11000.0,36679.6,15,36000.0,3,18,2223,1,1,3
40,1000000.0,1,4,53,14,7,11,41,7978.77,23701.0,101574.91,0,0,3,0.0,0.0,71944.0,133254.68,59,71944.0,3,62,2223,1,1,3
55,550.0,0,1,66,14,4,6,0,820.63,3075.74,0.0,6,2,0,310455.72,100535.82,0.0,3896.37,10,410991.54,8,18,2223,1,1,9
46,500000.0,1,4,124,14,18,7,20,35210.22,22560.0,95559.7,1,2,2,500.0,20625.0,18000.0,153329.92,45,39125.0,5,50,2223,1,0,0
42,1500000.0,1,4,142,14,16,17,43,56343.6,68000.0,67194.7,7,6,7,46480.41,44762.37,53607.44,191538.3,76,144850.22,20,96,2223,1,0,3
60,5000000.0,1,1,106,14,11,17,11,38000.0,94700.0,44994.99,1,3,0,5500.0,20500.0,0.0,177694.99,39,26000.0,4,43,2223,1,0,3
70,5000.0,1,4,112,14,161,226,157,524692.04,746863.85,600891.3,42,29,7,533250.0,960850.0,1084800.0,1872447.19,544,2578900.0,78,622,2223,1,0,5
37,500000.0,1,4,81,14,61,70,50,146825.71,176130.0,133457.07,0,0,0,0.0,0.0,0.0,456412.78,181,0.0,0,181,2222,2,1,3
49,15000.0,1,4,125,14,1,0,0,2.73,0.0,0.0,2,0,0,5.46,0.0,0.0,2.73,1,5.46,2,3,2222,2,1,0
44,1200000.0,1,4,49,14,32,30,96,126134.72,109772.7,180072.09,6,6,6,167640.76,149683.08,192373.17,415979.51,158,509697.01,18,176,2222,2,0,0
33,15000.0,1,1,101,14,97,157,216,285561.85,515613.85,903269.57,18,21,38,262877.19,334207.78,632225.96,1704445.27,470,1229310.93,77,547,2223,1,0,8
44,3000000.0,1,1,167,13,0,3,0,0.0,14793.6,0.0,0,0,0,0.0,0.0,0.0,14793.6,3,0.0,0,3,2223,1,1,4
50,1500.0,0,4,105,14,5,0,0,4893.6,0.0,0.0,0,0,0,0.0,0.0,0.0,4893.6,5,0.0,0,5,2223,1,1,0
60,3500.0,0,1,84,14,40,36,37,149493.6,141200.0,156049.7,7,5,7,149782.77,141555.78,156353.04,446743.3,113,447691.59,19,132,2223,1,0,8
66,3000000.0,0,4,84,14,21,24,28,25675.6,29672.0,34819.7,7,7,7,29978.97,26570.5,30716.44,90167.3,73,87265.91,21,94,2223,1,0,8
74,3000.0,0,1,93,14,115,120,132,552317.02,678483.0,648997.87,12,14,32,1077846.22,546835.03,575180.73,1879797.89,367,2199861.98,58,425,2222,2,0,6
60,5000000.0,1,1,1,28,260,196,163,1365483.13,542897.32,699896.71,46,54,42,1427323.6,554291.2,689704.93,2608277.16,619,2671319.73,142,761,2223,1,0,4
37,3000.0,1,4,50,14,1,0,2,693.6,0.0,5749.7,0,0,0,0.0,0.0,0.0,6443.3,3,0.0,0,3,2223,1,1,6
50,2500000.0,1,4,123,14,29,31,17,39293.6,47850.0,11900.0,0,1,0,0.0,2000.0,0.0,99043.6,77,2000.0,1,78,2223,1,1,6
38,7000000.0,0,4,103,14,1,0,0,100.0,0.0,0.0,1,0,0,100.0,0.0,0.0,100.0,1,100.0,1,2,2222,2,1,3
49,1000000.0,1,4,123,14,17,13,17,44790.78,43050.0,54399.7,7,6,8,44937.46,43025.0,54399.56,142240.48,47,142362.02,21,68,2223,1,0,4
54,3000000.0,1,4,48,14,1,1,0,600.0,1000.0,0.0,0,0,0,0.0,0.0,0.0,1600.0,2,0.0,0,2,2223,1,1,7
27,180000.0,0,4,105,14,0,7,1,0.0,72143.6,500.0,0,2,0,0.0,12000.0,0.0,72643.6,8,12000.0,2,10,2222,2,1,7
45,10000000.0,1,1,186,12,0,28,52,0.0,124667.49,179831.49,0,0,1,0.0,0.0,1300.0,304498.98,80,1300.0,1,81,2222,2,0,4
40,7000000.0,0,1,106,14,60,55,44,156515.96,143222.37,69280.63,2,0,0,2500.0,0.0,0.0,369018.96,159,2500.0,2,161,2222,2,0,9
35,500000.0,1,4,159,13,0,7,0,0.0,1814.12,0.0,0,0,0,0.0,0.0,0.0,1814.12,7,0.0,0,7,2223,1,1,2
40,3750000.0,0,4,48,14,87,67,24,727963.12,280270.98,39398.0,4,2,0,1000000.0,72500.0,0.0,1047632.1,178,1072500.0,6,184,2223,1,1,7
52,10000.0,1,4,80,14,232,201,215,829060.36,782840.65,897205.36,9,7,10,963440.5,806290.13,941877.1,2509106.37,648,2711607.73,26,674,2212,0,0,2
50,9500000.0,1,4,89,14,53,81,53,52813.4,214458.26,151671.09,11,10,11,42687.2,165426.48,147334.02,418942.75,187,355447.7,32,219,2222,2,0,1
41,1600.0,0,1,114,14,77,64,0,464791.23,293665.16,0.0,2,0,0,402000.0,0.0,0.0,758456.39,141,402000.0,2,143,2222,2,1,6
52,9000000.0,1,4,159,13,4,0,0,2227.48,0.0,0.0,1,0,0,5000.0,0.0,0.0,2227.48,4,5000.0,1,5,2223,1,1,5
16,200000.0,0,4,49,14,3,0,0,8693.6,0.0,0.0,0,0,0,0.0,0.0,0.0,8693.6,3,0.0,0,3,2223,1,1,7
47,1000000.0,1,4,79,14,3,0,0,225.0,0.0,0.0,0,0,0,0.0,0.0,0.0,225.0,3,0.0,0,3,2223,1,1,5
46,2500000.0,1,4,142,14,22,20,11,37069.6,38880.0,19492.0,7,6,4,37177.67,38842.53,19566.84,95441.6,53,95587.04,17,70,2223,1,1,1
40,10000000.0,1,4,51,14,241,179,331,1075437.65,1018936.45,3085921.36,102,73,88,1004600.0,1014250.0,2240150.0,5180295.46,751,4259000.0,263,1014,2223,1,0,3
46,2000000.0,1,4,156,13,17,0,0,16993.71,0.0,0.0,2,0,0,9000.0,0.0,0.0,16993.71,17,9000.0,2,19,2222,2,1,4
25,1000000.0,0,4,132,14,0,2,0,0.0,11300.0,0.0,0,5,0,0.0,11500.0,0.0,11300.0,2,11500.0,5,7,2222,2,1,2
49,20000.0,1,1,80,14,0,2,0,0.0,2545.47,0.0,0,0,0,0.0,0.0,0.0,2545.47,2,0.0,0,2,2211,3,1,1
26,200000.0,0,4,117,14,11,9,3,20093.6,12400.0,6383.32,0,0,0,0.0,0.0,0.0,38876.92,23,0.0,0,23,2223,1,0,2
63,2711097.0,0,1,30,21,33,26,34,60576.0,53168.9,61389.18,10,7,21,55299.05,61161.59,61478.2,175134.08,93,177938.84,38,131,2223,1,0,9
44,1000000.0,1,4,75,14,1,16,3,1900.0,21100.0,2549.7,1,1,1,2000.0,8000.0,2500.0,25549.7,20,12500.0,3,23,2223,1,1,8
56,2500.0,1,4,96,14,4,0,1,2239.52,0.0,200.0,0,1,0,0.0,35.63,0.0,2439.52,5,35.63,1,6,2223,1,0,9
40,400.0,1,1,73,14,83,103,89,166152.37,213711.78,275984.44,5,14,10,120000.0,206397.9,251232.13,655848.59,275,577630.03,29,304,2222,2,0,6
32,1000000.0,0,4,51,14,55,57,65,1655402.28,1268969.06,822333.75,6,40,50,291000.0,1877459.0,1757762.0,3746705.09,177,3926221.0,96,273,2222,2,0,1
48,5000000.0,0,4,211,0,0,0,31,0.0,0.0,49788.9,0,0,0,0.0,0.0,0.0,49788.9,31,0.0,0,31,2222,2,0,2
46,5000000.0,0,4,126,14,3,0,0,2128.47,0.0,0.0,1,0,0,87573.42,0.0,0.0,2128.47,3,87573.42,1,4,2223,1,1,8
41,600.0,1,4,86,14,0,0,2,0.0,0.0,1331.22,0,0,1,0.0,0.0,630.3,1331.22,2,630.3,1,3,2222,2,1,7
51,2500000.0,1,1,57,14,8,8,5,31485.6,16335.0,7085.0,0,0,0,0.0,0.0,0.0,54905.6,21,0.0,0,21,2223,1,0,4
61,8000000.0,1,4,52,14,7,0,0,3843.6,0.0,0.0,1,0,0,4000.0,0.0,0.0,3843.6,7,4000.0,1,8,2223,1,1,5
58,0.0034218629565991,0,4,20,22,37,68,47,60103.25,134153.5,82023.2,0,5,3,0.0,80679.78,180922.7,276279.95,152,261602.48,8,160,2223,1,0,6
59,5000000.0,1,4,105,14,7,13,0,10400.0,9293.6,0.0,1,5,0,1000.0,9300.0,0.0,19693.6,20,10300.0,6,26,2223,1,0,3
59,3000000.0,0,1,154,14,20,36,14,35677.29,63519.6,15129.7,1,0,0,2500.0,0.0,0.0,114326.59,70,2500.0,1,71,2223,1,0,2
68,4500.0,1,4,88,14,13,12,1,3069.6,2376.0,200.0,0,0,0,0.0,0.0,0.0,5645.6,26,0.0,0,26,2223,1,1,9
46,2000000.0,1,4,84,14,19,0,0,44155.0,0.0,0.0,2,0,0,8500.0,0.0,0.0,44155.0,19,8500.0,2,21,2223,1,1,0
56,5000000.0,1,4,110,14,12,0,0,20582.08,0.0,0.0,1,0,1,20000.0,0.0,31.29,20582.08,12,20031.29,2,14,2223,1,1,2
61,3100.0,0,4,152,14,4,0,0,12100.0,0.0,0.0,2,0,0,12147.25,0.0,0.0,12100.0,4,12147.25,2,6,2223,1,1,2
58,4500.0,1,4,67,14,1,55,1,500.0,199748.31,100.0,0,0,0,0.0,0.0,0.0,200348.31,57,0.0,0,57,2223,1,1,4
41,500000.0,1,4,61,14,2,34,9,1093.6,83929.0,13572.2,0,4,3,0.0,30232.0,13834.0,98594.8,45,44066.0,7,52,2223,1,1,0
48,2250.0,1,4,127,14,20,0,0,24143.6,0.0,0.0,11,0,0,24100.0,0.0,0.0,24143.6,20,24100.0,11,31,2223,1,1,9
72,1000000.0,0,1,106,14,6,28,7,9200.0,37295.74,14349.7,0,0,1,0.0,0.0,7000.0,60845.44,41,7000.0,1,42,2223,1,0,9
51,246.0,1,0,159,13,121,71,64,361300.0,235100.0,203100.0,20,17,11,343424.99,235945.84,203205.96,799500.0,256,782576.79,48,304,2223,1,0,1
29,200000.0,1,4,80,14,2,6,6,392.0,9980.0,1176.0,0,0,0,0.0,0.0,0.0,11548.0,14,0.0,0,14,2223,1,0,8
46,3000.0,1,4,123,14,16,13,16,45850.0,46500.0,54900.0,7,6,8,45612.76,46607.01,54784.56,147250.0,45,147004.33,21,66,2223,1,0,4
33,1000.0,0,4,54,14,1,0,38,693.6,0.0,73097.09,0,1,3,0.0,50000.0,18984.0,73790.69,39,68984.0,4,43,2223,1,1,5
34,1000000.0,1,4,121,14,14,0,2,125781.79,0.0,2896.78,0,0,1,0.0,0.0,3000.0,128678.57,16,3000.0,1,17,2223,1,1,1
58,10000000.0,1,4,187,11,15,1,0,125005.3,693.6,0.0,0,0,0,0.0,0.0,0.0,125698.9,16,0.0,0,16,2223,1,1,0
57,1000000.0,0,1,52,14,34,45,71,69221.5,92076.5,145193.5,6,7,5,94186.56,122076.67,125105.55,306491.5,150,341368.78,18,168,2223,1,0,7
37,750.0,0,4,144,14,0,2,0,0.0,5585.96,0.0,0,1,0,0.0,2486.31,0.0,5585.96,2,2486.31,1,3,2222,2,1,5
56,0.0034218629565991,1,4,8,24,26,20,0,255579.65,42107.89,0.0,0,0,0,0.0,0.0,0.0,297687.54,46,0.0,0,46,2222,2,1,6
38,1500000.0,1,4,118,14,59,32,48,284800.0,203872.0,257500.0,7,8,9,321811.07,217673.27,280483.61,746172.0,139,819967.95,24,163,2222,2,0,0
33,1500000.0,0,4,52,14,0,0,62,0.0,0.0,108159.27,0,0,8,0.0,0.0,153795.44,108159.27,62,153795.44,8,70,2222,2,0,3
49,3000000.0,0,0,98,14,144,109,122,499382.38,395555.0,434900.87,7,7,7,566432.12,334636.34,435096.52,1329838.25,375,1336164.98,21,396,2222,2,0,9
61,1907506.0,1,4,107,14,4,1,0,6350.0,1900.0,0.0,2,1,0,3298.25,1914.23,0.0,8250.0,5,5212.48,3,8,2223,1,1,6
66,2500.0,1,4,82,14,4,0,0,6493.6,0.0,0.0,2,0,0,10980.58,0.0,0.0,6493.6,4,10980.58,2,6,2223,1,1,5
42,800.0,1,4,89,14,7,0,0,32800.0,0.0,0.0,1,0,0,32800.0,0.0,0.0,32800.0,7,32800.0,1,8,2223,1,1,7
29,250000.0,0,4,125,14,3,0,0,2700.0,0.0,0.0,1,0,0,3000.0,0.0,0.0,2700.0,3,3000.0,1,4,2223,1,1,2
55,2000000.0,0,4,56,14,13,9,28,7700.0,6893.6,23379.0,0,0,0,0.0,0.0,0.0,37972.6,50,0.0,0,50,2223,1,1,2
32,5000000.0,1,4,107,14,21,2,0,55989.33,3900.0,0.0,0,0,0,0.0,0.0,0.0,59889.33,23,0.0,0,23,2222,2,1,4
35,2000000.0,1,4,123,14,21,3,0,27042.6,1165.0,0.0,6,1,3,38472.0,3001.5,2265.38,28207.6,24,43738.88,10,34,2223,1,1,8
49,2259248.0,1,4,23,22,119,146,177,273111.55,313536.52,312644.73,8,10,9,380405.0,360227.99,404592.91,899292.8,442,1145225.9,27,469,2232,2,0,5
43,1762621.0,1,4,144,14,1,0,0,5000.0,0.0,0.0,0,0,0,0.0,0.0,0.0,5000.0,1,0.0,0,1,2223,1,1,6
37,200000.0,0,4,58,14,1,2,0,300.0,5000.0,0.0,0,1,0,0.0,1000.0,0.0,5300.0,3,1000.0,1,4,2223,1,1,3
37,3500000.0,1,4,84,14,1,0,0,508.98,0.0,0.0,0,0,0,0.0,0.0,0.0,508.98,1,0.0,0,1,2223,1,1,9
40,4000000.0,1,4,150,14,25,27,21,63802.96,43312.96,37674.43,9,7,19,27197.14,24294.55,27272.85,144790.35,73,78764.54,35,108,2223,1,1,1
59,2500000.0,0,4,169,13,6,0,0,5493.6,0.0,0.0,0,0,0,0.0,0.0,0.0,5493.6,6,0.0,0,6,2223,1,1,2
71,4200000.0,1,1,70,14,14,0,0,32007.72,0.0,0.0,0,0,0,0.0,0.0,0.0,32007.72,14,0.0,0,14,2223,1,1,1
48,7000000.0,1,4,149,14,1,0,1,693.6,0.0,749.7,0,0,0,0.0,0.0,0.0,1443.3,2,0.0,0,2,2223,1,1,7
62,3000.0,0,4,84,14,22,18,13,62200.0,61600.0,47900.0,7,6,6,62591.66,61474.84,58032.2,171700.0,53,182098.7,19,72,2223,1,1,2
